model,r_squared,rmse
bayesian,0.8023800752486918,4.156336595154683
decision_tree,0.8328788545409788,3.877322560248931
elastic_net,0.8023739963073473,4.156395926426788
extra_tree,0.8092951342241348,4.083306729453747
knn,0.7491811839944786,4.6830201144014705
linear,0.8023339617028451,4.156812262631345
neural_network,0,0
random_forest,0.8251667825065798,3.9083592489539782
ridge,0.8023888509467169,4.156224597631434
svr,0,0
xgboost,0.8226649330258514,3.9373055312185476