preprocessing_num,r_squared,rmse
1,0.7292596941270275,4.881872371825598
2,0.7359129281044662,4.822557430950395
3,0.7902264980101605,4.727810528110548
4,0.16686339984179682,2.3528527751867526e+91
5,0.7157343641850925,5.108125345505313
6,0.6914446928096186,4.86781766920342
7,0.8034902221355207,4.546208107356717
8,0.8108563783166647,4.064855109375767