preprocessing_num,r_squared,rmse
1,0.721364933028596,4.952263996457171
2,0.7368631188360812,4.813584910300191
2.5,0.6281866685209375,5.722361135409178
3,0.7145001980084036,5.5164171409184
4,0.7254632349854798,5.409536591076991
4.5,0.7349791262824842,5.314889822899466
5,0.6586151527806245,5.5991262154087815
6,0.693328547409702,4.8533354696836
6.5,0.5954308779343327,5.575475357722225
7,0.7282876155347106,5.347110436809762
8,0.7424269400884318,4.745419707883613